Dataset,Overall accuracy,Kappa score,Recall,Precision,F1 score,Confusion matrix,N
Landsat,0.9183976261127597,0.8348678514055666,0.9141914191419142,0.9389830508474576,0.9264214046822742,"[[1091   90]
 [ 130 1385]]",2696
PlanetScope,0.9552469135802469,0.9095533982451665,0.9695898161244696,0.9494459833795014,0.9594121763470957,"[[1105   73]
 [  43 1371]]",2592
Sentinel-2_SR,0.9789977892409727,0.9575051491679197,0.97167325428195,0.9905977165883143,0.9810442301296973,"[[1182   14]
 [  43 1475]]",2714
Sentinel-2_TOA,0.9344624447717231,0.8687882821168097,0.8926218708827405,0.9890510948905109,0.9383656509695291,"[[1183   15]
 [ 163 1355]]",2716
