Dataset,Overall accuracy,Kappa score,Recall,Precision,F1 score,Confusion matrix,N
Landsat,0.9479695431472082,0.89225908109415,0.9361256544502617,0.9770491803278688,0.9561497326203209,"[[600  21]
 [ 61 894]]",1576
PlanetScope,0.9703815261044176,0.9399166906942646,0.9890710382513661,0.9585172109443955,0.9735544598834603,"[[ 847   47]
 [  12 1086]]",1992
Sentinel-2_SR,0.9847528916929548,0.9688377458862186,0.9790718835304822,0.9944547134935305,0.9867033470884915,"[[ 797    6]
 [  23 1076]]",1902
Sentinel-2_TOA,0.9150292087095061,0.8294233412824049,0.8666666666666667,0.9854620976116303,0.9222546161321671,"[[774  14]
 [146 949]]",1883
